"PREDICT_MONTH","주택용_고압_기타_200이하","주택용_고압_기타_201~400","주택용_고압_기타_400초과","주택용_고압_하계_300이하","주택용_고압_하계_301~450","주택용_고압_하계_450초과","주택용_저압_기타_200이하","주택용_저압_기타_201~400","주택용_저압_기타_400초과","주택용_저압_하계_300이하","주택용_저압_하계_301~450","주택용_저압_하계_450초과"
202404,85.597855,165.1171,242.47266,96.08763,165.98679,248.65819,121.0738,212.18579,311.2329,117.30186,201.48087,323.46027
202405,88.07673,163.75179,245.34985,100.81206,165.86235,248.316,121.744606,216.25783,315.75156,119.66461,201.24,320.04794
202406,89.38356,166.21068,245.74068,103.80559,167.0829,246.38776,117.18805,214.03004,312.20163,122.36784,206.09557,322.4239
202407,89.66995,163.77187,245.37076,103.65447,174.4596,250.68901,123.859634,217.40802,317.6327,124.47607,206.40816,322.69965
